day,1 am,2 am,3 am,4 am,5 am,6 am,7 am,8 am,9 am,10 am,11 am,12 pm,1 pm,2 pm,3 pm,4 pm,5 pm,6 pm,7 pm,8 pm,9 pm,10 pm,11 pm,12 am,clothing_class
1,18,17,17,16,16,17,18,20,22,24,26,27,28,29,29,28,27,25,23,22,21,20,19,18,t_shirt
2,21,20,20,19,19,20,21,23,25,27,29,30,31,32,33,32,31,29,27,26,25,24,23,22,t_shirt
3,14,13,13,12,12,13,14,16,18,20,21,22,23,24,24,23,22,20,18,17,16,15,14,14,long_sleeve
4,10,9,9,8,8,9,10,12,14,16,17,18,19,20,20,19,18,16,14,13,12,11,10,10,long_sleeve
5,5,4,4,3,3,4,5,7,9,11,12,13,14,15,15,14,13,11,9,8,7,6,5,5,hoodie
6,2,1,1,0,0,1,2,4,6,8,9,10,11,12,12,11,10,8,6,5,4,3,2,2,hoodie
7,16,15,15,14,14,15,16,18,20,22,23,24,25,26,26,25,24,22,20,19,18,17,16,16,long_sleeve
8,24,23,23,22,22,23,24,26,28,30,32,33,34,35,35,34,33,31,29,28,27,26,25,24,t_shirt
9,8,7,7,6,6,7,8,10,12,14,15,16,17,18,18,17,16,14,12,11,10,9,8,8,hoodie
10,19,18,18,17,17,18,19,21,23,25,27,28,29,30,30,29,28,26,24,23,22,21,20,19,t_shirt
11,13,12,12,11,11,12,13,15,17,19,20,21,22,23,23,22,21,19,17,16,15,14,13,13,long_sleeve
12,7,6,6,5,5,6,7,9,11,13,14,15,16,17,17,16,15,13,11,10,9,8,7,7,hoodie
